Controller,RMS_CTE_mean,RMS_CTE_std,Mean_CTE_mean,Mean_CTE_std,Max_CTE_mean,Max_CTE_std,Completion_Time_mean,Completion_Time_std,Control_Jitter_mean,Control_Jitter_std,Control_Energy_mean,Control_Energy_std,Mean_Spead_mean,Mean_Spead_std,Trial_mean,Trial_std,Success_mean,Success_std,Collision_mean,Collision_std
Lyapunov,0.04831362832384298,0.033465856664868794,0.04131748249214841,0.033067179375043165,0.07623778427044264,0.033686038006184874,12.930000000000087,11.903575178946015,0.3029965,0.11828211,0.21059683,0.15343656,0.38386628,0.29972723,24.5,14.577379737113251,0.68,0.47121207149916117,0.0,0.0
RL,0.03405754674619758,0.0359876762157797,0.02645766274535668,0.025191292228374088,0.07600987751966998,0.09809814216095186,8.189000000000004,3.0408828269677,0.2912812,0.10021956,0.27847847,0.10793696,0.15891972,0.010552489,24.5,14.577379737113251,1.0,0.0,0.0,0.0
