Controller,RMS_CTE_mean,RMS_CTE_std,Mean_CTE_mean,Mean_CTE_std,Max_CTE_mean,Max_CTE_std,Completion_Time_mean,Completion_Time_std,Control_Jitter_mean,Control_Jitter_std,Control_Energy_mean,Control_Energy_std,Mean_Spead_mean,Mean_Spead_std,Trial_mean,Trial_std,Success_mean,Success_std,Collision_mean,Collision_std
Lyapunov,0.029164345690189906,0.015157355828556335,0.022365194686492496,0.012210914046222222,0.060640321349217284,0.02770182053887787,5.807999999999988,1.748216583976305,0.37780464,0.12071865,0.33947098,0.15506907,0.17341457,0.013747923,24.5,14.577379737113251,1.0,0.0,0.0,0.0
RL,0.027078758438695495,0.008162985447808793,0.022311876850313807,0.008022378968073151,0.05404280074961339,0.014915671493481551,8.171999999999999,2.5167836617397352,0.29175708,0.09301371,0.27815908,0.0983533,0.15843207,0.011385606,24.5,14.577379737113251,1.0,0.0,0.0,0.0
