Controller,Trial_mean,Trial_std,Sim_Time_mean,Sim_Time_std,Steps_mean,Steps_std,Final_Dist_Error_mean,Final_Dist_Error_std,Final_Head_Error_mean,Final_Head_Error_std,Mean_CTE_mean,Mean_CTE_std,Max_CTE_mean,Max_CTE_std,Tortuosity_mean,Tortuosity_std,Energy_mean,Energy_std,Smoothness_mean,Smoothness_std,Avg_Lin_Vel_mean,Avg_Lin_Vel_std,Avg_Ang_Vel_mean,Avg_Ang_Vel_std
Lyapunov,24.5,14.577379737113251,6.239000000000001,3.310639774165368,125.78,66.21279548330735,0.12954833385185135,0.1795985570625512,0.018479355756509528,0.1377726027866758,0.024244590651377546,0.026066056787206617,0.06851762603521436,0.05964948161056977,0.9440817320517186,0.06635554117208682,1.799178,2.6040487,0.14730953932536245,0.023561627189620057,0.10372446804719786,0.13005354854662748,0.028130077481737462,0.2106785362772439
RL,24.5,14.577379737113251,14.425000000000002,10.500355922053119,289.5,210.00711844106232,0.5569770464010624,0.5086276224337835,-0.26530273978416297,1.426487586515185,0.19757235447278365,0.17142823186326386,0.5584363168870397,0.4748061457655641,3.3508782595467688,2.8822295473719235,15.01985,11.955391,0.06331183040300487,0.04162657461442982,0.6318483291796448,0.17872262138978284,0.027200148456298753,0.450511052374748
